$GPCHC,2122,377978.00,86.93,1.47,0.66,0.05,-0.15,-0.08,-0.0116,0.0256,0.9990,32.02625283,118.85731976,67.69,-0.012,-0.010,0.029,0.015,20,19,41,1,2*4B
$GPCHC,2122,377979.00,86.92,1.46,0.65,0.04,-0.13,-0.08,-0.0113,0.0255,0.9991,32.02625283,118.85731977,67.69,0.025,0.005,-0.069,0.025,20,19,41,1,2*62
$GPCHC,2122,377980.00,86.80,1.48,0.66,0.05,-0.16,-0.06,-0.0115,0.0258,0.9993,32.02625284,118.85731979,67.68,-0.003,-0.003,0.011,0.004,21,18,41,1,2*42
$GPCHC,2122,377981.00,86.75,1.47,0.65,0.04,-0.12,-0.09,-0.0113,0.0256,0.9991,32.02625284,118.85731980,67.69,0.002,-0.009,-0.026,0.009,21,18,41,1,2*40
$GPCHC,2122,377982.00,86.84,1.45,0.66,0.02,-0.14,-0.08,-0.0115,0.0253,0.9991,32.02625284,118.85731977,67.69,-0.002,-0.004,0.034,0.005,20,18,41,1,2*45
$GPCHC,2122,377983.00,86.82,1.47,0.64,0.03,-0.13,-0.06,-0.0112,0.0257,0.9990,32.02625283,118.85731977,67.70,-0.014,0.000,0.048,0.014,21,18,41,1,2*63
$GPCHC,2122,377984.00,87.06,1.47,0.67,0.03,-0.15,-0.09,-0.0117,0.0257,0.9991,32.02625283,118.85731974,67.69,-0.015,-0.004,-0.018,0.015,21,18,41,1,2*6D
$GPCHC,2122,377985.00,87.28,1.46,0.66,0.03,-0.16,-0.07,-0.0114,0.0255,0.9991,32.02625283,118.85731979,67.69,0.006,0.009,0.001,0.011,20,18,41,1,2*4E
$GPCHC,2122,377986.00,87.26,1.47,0.65,0.02,-0.14,-0.06,-0.0113,0.0256,0.9992,32.02625282,118.85731980,67.69,0.007,-0.003,-0.021,0.007,20,17,41,1,2*42
$GPCHC,2122,377987.00,87.16,1.48,0.64,0.05,-0.13,-0.08,-0.0112,0.0257,0.9989,32.02625282,118.85731976,67.69,-0.011,0.004,-0.026,0.011,21,18,41,1,2*4D
$GPCHC,2122,377988.00,87.15,1.48,0.65,0.07,-0.14,-0.06,-0.0113,0.0259,0.9992,32.02625281,118.85731976,67.70,-0.012,-0.003,0.029,0.013,20,18,41,1,2*4D
$GPCHC,2122,377989.00,87.14,1.47,0.64,0.03,-0.14,-0.06,-0.0112,0.0257,0.9990,32.02625281,118.85731977,67.70,-0.006,-0.010,0.015,0.011,20,18,41,1,2*41
$GPCHC,2122,377990.00,86.83,1.47,0.65,0.02,-0.12,-0.10,-0.0113,0.0257,0.9990,32.02625281,118.85731976,67.70,0.004,-0.021,0.017,0.021,20,18,41,1,2*6B
$GPCHC,2122,377991.00,87.20,1.48,0.65,0.02,-0.12,-0.06,-0.0114,0.0258,0.9991,32.02625281,118.85731976,67.71,-0.009,-0.003,0.024,0.010,20,18,41,1,2*40
$GPCHC,2122,377992.00,87.45,1.46,0.65,0.04,-0.17,-0.08,-0.0113,0.0255,0.9986,32.02625282,118.85731977,67.70,-0.008,-0.004,0.014,0.009,20,18,41,1,2*41
$GPCHC,2122,377993.00,87.40,1.47,0.65,0.05,-0.14,-0.09,-0.0113,0.0256,0.9993,32.02625282,118.85731977,67.71,0.003,0.012,-0.002,0.012,21,18,41,1,2*6C
$GPCHC,2122,377994.00,87.15,1.48,0.65,0.06,-0.15,-0.07,-0.0114,0.0258,0.9994,32.02625283,118.85731977,67.71,-0.003,-0.012,0.002,0.013,20,18,41,1,2*4A
$GPCHC,2122,377995.00,87.16,1.46,0.65,0.02,-0.13,-0.07,-0.0113,0.0255,0.9989,32.02625284,118.85731978,67.71,0.023,0.000,-0.030,0.023,20,18,41,1,2*64
$GPCHC,2122,377996.00,87.18,1.48,0.66,-0.00,-0.15,-0.09,-0.0116,0.0259,0.9989,32.02625281,118.85731977,67.71,-0.008,-0.016,0.009,0.017,20,18,41,1,2*6E
$GPCHC,2122,377997.00,87.23,1.46,0.66,0.04,-0.15,-0.06,-0.0116,0.0255,0.9993,32.02625281,118.85731976,67.72,0.006,-0.008,-0.003,0.010,20,18,41,1,2*46
$GPCHC,2122,377998.00,87.58,1.46,0.64,0.05,-0.16,-0.08,-0.0112,0.0255,0.9991,32.02625281,118.85731974,67.72,0.004,0.012,-0.020,0.013,20,18,41,1,2*69
$GPCHC,2122,377999.00,87.37,1.47,0.65,0.02,-0.14,-0.08,-0.0114,0.0257,0.9992,32.02625284,118.85731979,67.71,-0.009,0.010,0.013,0.013,20,18,41,1,2*67
$GPCHC,2122,378000.00,86.88,1.47,0.66,0.04,-0.14,-0.04,-0.0115,0.0256,0.9988,32.02625282,118.85731983,67.71,-0.013,-0.001,0.037,0.013,20,19,41,1,2*44
$GPCHC,2122,378001.00,87.08,1.46,0.65,0.03,-0.14,-0.07,-0.0113,0.0255,0.9988,32.02625283,118.85731985,67.70,0.022,0.009,-0.051,0.024,20,18,41,1,2*6B
$GPCHC,2122,378002.00,87.13,1.45,0.66,0.03,-0.15,-0.05,-0.0115,0.0253,0.9990,32.02625283,118.85731985,67.71,-0.008,0.008,0.017,0.012,20,19,41,1,2*66
$GPCHC,2122,378003.00,87.01,1.46,0.67,0.03,-0.16,-0.05,-0.0117,0.0255,0.9992,32.02625282,118.85731985,67.71,0.005,-0.005,0.009,0.007,20,18,41,1,2*68
$GPCHC,2122,378004.00,86.96,1.46,0.66,0.04,-0.15,-0.07,-0.0115,0.0255,0.9990,32.02625281,118.85731980,67.72,-0.009,-0.011,0.031,0.014,20,19,41,1,2*4E
$GPCHC,2122,378005.00,87.01,1.45,0.65,0.03,-0.15,-0.09,-0.0114,0.0254,0.9994,32.02625281,118.85731983,67.72,-0.000,-0.011,0.058,0.011,20,19,41,1,2*4D
$GPCHC,2122,378006.00,86.99,1.47,0.67,0.03,-0.16,-0.09,-0.0116,0.0256,0.9988,32.02625283,118.85731988,67.70,0.038,0.000,-0.059,0.038,20,19,41,1,2*67
$GPCHC,2122,378007.00,86.89,1.47,0.66,0.05,-0.12,-0.06,-0.0115,0.0256,0.9991,32.02625281,118.85731984,67.70,-0.015,0.004,0.036,0.016,20,18,41,1,2*61
$GPCHC,2122,378008.00,87.15,1.46,0.65,0.03,-0.15,-0.08,-0.0114,0.0254,0.9992,32.02625280,118.85731987,67.71,0.013,-0.005,0.002,0.014,20,18,41,1,2*66
$GPCHC,2122,378009.00,87.10,1.46,0.66,0.02,-0.13,-0.08,-0.0116,0.0255,0.9988,32.02625280,118.85731985,67.71,-0.014,0.003,0.031,0.014,20,19,41,1,2*6C
$GPCHC,2122,378010.00,87.98,1.47,0.66,0.05,-0.14,-0.08,-0.0116,0.0256,0.9992,32.02625281,118.85731988,67.70,0.006,0.013,-0.038,0.014,20,19,41,1,2*6B
$GPCHC,2122,378011.00,87.80,1.46,0.65,0.02,-0.14,-0.05,-0.0114,0.0255,0.9991,32.02625282,118.85731985,67.71,0.021,0.015,-0.016,0.026,20,19,41,1,2*68
$GPCHC,2122,378012.00,87.26,1.46,0.67,0.02,-0.16,-0.08,-0.0117,0.0255,0.9991,32.02625281,118.85731983,67.71,-0.007,-0.002,0.011,0.008,20,19,41,1,2*48
$GPCHC,2122,378013.00,87.20,1.48,0.66,0.01,-0.16,-0.03,-0.0116,0.0257,0.9989,32.02625280,118.85731988,67.70,0.016,-0.010,-0.017,0.019,20,19,41,1,2*4C
$GPCHC,2122,378014.00,87.11,1.47,0.65,0.04,-0.14,-0.08,-0.0113,0.0256,0.9991,32.02625282,118.85731991,67.70,0.013,0.008,0.000,0.015,20,18,41,1,2*49
$GPCHC,2122,378015.00,87.12,1.46,0.66,0.05,-0.13,-0.07,-0.0115,0.0254,0.9988,32.02625280,118.85731984,67.71,-0.021,0.002,0.005,0.021,20,18,41,1,2*6F
$GPCHC,2122,378016.00,87.32,1.47,0.66,0.04,-0.12,-0.12,-0.0116,0.0256,0.9988,32.02625279,118.85731985,67.70,0.005,-0.002,-0.000,0.006,20,19,41,1,2*46
$GPCHC,2122,378017.00,87.18,1.48,0.65,0.02,-0.14,-0.09,-0.0114,0.0258,0.9992,32.02625280,118.85731988,67.70,-0.003,-0.003,0.003,0.004,20,18,41,1,2*42
$GPCHC,2122,378018.00,87.10,1.46,0.66,0.02,-0.16,-0.06,-0.0114,0.0255,0.9988,32.02625282,118.85731988,67.70,-0.006,-0.006,0.037,0.009,20,18,41,1,2*4B
$GPCHC,2122,378019.00,87.06,1.46,0.67,0.03,-0.12,-0.07,-0.0117,0.0256,0.9993,32.02625281,118.85731990,67.69,0.009,0.002,-0.009,0.010,20,18,41,1,2*63
$GPCHC,2122,378020.00,87.18,1.47,0.66,0.07,-0.13,-0.04,-0.0115,0.0257,0.9990,32.02625279,118.85731988,67.70,-0.003,-0.011,0.040,0.012,20,18,41,1,2*4C
$GPCHC,2122,378021.00,87.06,1.48,0.65,0.01,-0.15,-0.08,-0.0113,0.0258,0.9990,32.02625277,118.85731993,67.70,0.010,-0.009,-0.015,0.013,20,18,41,1,2*45
$GPCHC,2122,378022.00,87.02,1.49,0.66,0.01,-0.15,-0.08,-0.0115,0.0259,0.9990,32.02625279,118.85731993,67.70,0.021,0.001,-0.010,0.021,20,17,41,1,2*65
$GPCHC,2122,378023.00,87.06,1.46,0.66,0.06,-0.15,-0.10,-0.0115,0.0255,0.9988,32.02625281,118.85731988,67.70,-0.005,0.009,0.008,0.011,20,18,41,1,2*62
$GPCHC,2122,378024.00,87.23,1.48,0.66,0.03,-0.14,-0.04,-0.0115,0.0258,0.9990,32.02625280,118.85731991,67.69,0.006,0.012,0.023,0.013,20,19,41,1,2*46
$GPCHC,2122,378025.00,87.19,1.47,0.66,0.03,-0.16,-0.04,-0.0116,0.0257,0.9988,32.02625279,118.85731996,67.69,-0.010,0.004,0.003,0.011,20,18,41,1,2*6B
$GPCHC,2122,378026.00,87.10,1.47,0.66,0.05,-0.14,-0.06,-0.0115,0.0257,0.9990,32.02625280,118.85731994,67.69,-0.005,0.010,0.021,0.011,20,18,41,1,2*68
$GPCHC,2122,378027.00,87.07,1.48,0.65,0.04,-0.15,-0.09,-0.0113,0.0258,0.9992,32.02625280,118.85731992,67.69,-0.004,0.002,-0.007,0.004,20,18,41,1,2*4E
$GPCHC,2122,378028.00,87.01,1.46,0.66,0.01,-0.14,-0.07,-0.0115,0.0255,0.9992,32.02625278,118.85731992,67.69,-0.002,-0.012,0.041,0.012,20,18,41,1,2*4E
$GPCHC,2122,378029.00,87.11,1.48,0.65,0.03,-0.14,-0.06,-0.0114,0.0258,0.9993,32.02625276,118.85731996,67.69,0.004,-0.002,0.026,0.005,20,19,41,1,2*6B
$GPCHC,2122,378030.00,87.16,1.47,0.65,0.03,-0.14,-0.09,-0.0113,0.0256,0.9987,32.02625277,118.85731994,67.69,-0.031,-0.004,0.059,0.031,20,19,41,1,2*49
$GPCHC,2122,378031.00,87.10,1.48,0.66,0.03,-0.16,-0.08,-0.0115,0.0258,0.9990,32.02625278,118.85731997,67.68,0.011,0.007,-0.001,0.013,20,19,41,1,2*63
$GPCHC,2122,378032.00,87.55,1.46,0.66,0.03,-0.16,-0.06,-0.0115,0.0255,0.9991,32.02625278,118.85731997,67.68,-0.001,-0.005,-0.018,0.005,20,20,41,1,2*6B
$GPCHC,2122,378033.00,87.59,1.48,0.66,0.04,-0.14,-0.08,-0.0115,0.0258,0.9991,32.02625276,118.85731998,67.68,-0.005,-0.010,0.021,0.012,20,20,41,1,2*4E
$GPCHC,2122,378034.00,87.08,1.47,0.65,0.02,-0.15,-0.10,-0.0113,0.0256,0.9992,32.02625278,118.85732000,67.68,-0.001,0.000,0.008,0.001,20,19,41,1,2*6A
$GPCHC,2122,378035.00,86.94,1.48,0.66,0.06,-0.15,-0.06,-0.0116,0.0258,0.9987,32.02625279,118.85732000,67.67,0.011,0.000,-0.059,0.011,20,19,41,1,2*65
$GPCHC,2122,378036.00,87.04,1.47,0.65,0.05,-0.15,-0.06,-0.0114,0.0257,0.9990,32.02625279,118.85731999,67.68,-0.011,0.004,0.013,0.012,20,19,41,1,2*66
$GPCHC,2122,378037.00,86.86,1.48,0.67,0.04,-0.13,-0.05,-0.0116,0.0258,0.9991,32.02625280,118.85732001,67.68,0.017,-0.005,0.008,0.018,20,20,41,1,2*69
$GPCHC,2122,378038.00,86.87,1.47,0.65,0.03,-0.15,-0.05,-0.0113,0.0256,0.9990,32.02625277,118.85732000,67.67,0.028,-0.003,-0.038,0.029,20,20,41,1,2*41
$GPCHC,2122,378039.00,86.88,1.49,0.66,0.08,-0.14,-0.05,-0.0114,0.0259,0.9991,32.02625278,118.85732001,67.68,-0.011,-0.001,0.069,0.011,20,20,41,1,2*47
$GPCHC,2122,378040.00,86.79,1.47,0.67,0.01,-0.16,-0.10,-0.0116,0.0256,0.9991,32.02625280,118.85732000,67.67,0.001,-0.002,-0.004,0.002,20,20,41,1,2*48
$GPCHC,2122,378041.00,86.84,1.47,0.67,0.06,-0.12,-0.05,-0.0117,0.0257,0.9993,32.02625280,118.85732001,67.66,-0.007,0.009,-0.017,0.011,20,20,41,1,2*43
$GPCHC,2122,378042.00,87.21,1.47,0.65,0.07,-0.15,-0.06,-0.0114,0.0256,0.9990,32.02625278,118.85732004,67.66,0.012,-0.007,-0.020,0.014,20,18,41,1,2*4A
$GPCHC,2122,378043.00,86.70,1.46,0.66,0.03,-0.14,-0.05,-0.0115,0.0255,0.9991,32.02625277,118.85732007,67.66,-0.001,0.001,0.008,0.001,20,19,41,1,2*63
$GPCHC,2122,378044.00,86.78,1.47,0.66,0.04,-0.13,-0.08,-0.0115,0.0256,0.9994,32.02625277,118.85732010,67.66,0.006,-0.004,0.027,0.008,20,19,41,1,2*66
$GPCHC,2122,378045.00,87.29,1.46,0.66,0.04,-0.15,-0.06,-0.0115,0.0255,0.9993,32.02625278,118.85732005,67.66,-0.026,-0.006,0.041,0.027,20,18,41,1,2*45
$GPCHC,2122,378046.00,87.02,1.48,0.66,0.03,-0.16,-0.04,-0.0116,0.0259,0.9995,32.02625278,118.85732006,67.66,-0.011,0.005,0.027,0.013,20,18,41,1,2*60
$GPCHC,2122,378047.00,87.13,1.46,0.66,0.03,-0.16,-0.09,-0.0114,0.0255,0.9991,32.02625277,118.85732008,67.65,0.005,-0.012,0.009,0.013,20,18,41,1,2*65
$GPCHC,2122,378048.00,87.07,1.47,0.66,0.00,-0.14,-0.05,-0.0115,0.0256,0.9993,32.02625277,118.85732010,67.65,0.009,0.013,-0.023,0.016,20,18,41,1,2*6A
$GPCHC,2122,378049.00,86.72,1.47,0.65,0.04,-0.15,-0.06,-0.0114,0.0256,0.9993,32.02625277,118.85732008,67.66,-0.016,-0.004,0.008,0.017,20,19,41,1,2*4A
$GPCHC,2122,378050.00,86.66,1.46,0.65,0.06,-0.17,-0.06,-0.0114,0.0255,0.9991,32.02625276,118.85732013,67.65,-0.006,-0.007,0.022,0.009,20,19,41,1,2*4A
$GPCHC,2122,378051.00,86.59,1.46,0.65,0.03,-0.16,-0.07,-0.0112,0.0255,0.9992,32.02625278,118.85732014,67.64,-0.013,0.000,0.022,0.013,20,19,41,1,2*6A
$GPCHC,2122,378052.00,87.05,1.48,0.65,0.04,-0.14,-0.07,-0.0114,0.0258,0.9988,32.02625276,118.85732013,67.65,0.030,-0.006,-0.044,0.030,20,17,41,1,2*47
$GPCHC,2122,378053.00,86.45,1.47,0.66,0.06,-0.15,-0.08,-0.0115,0.0256,0.9992,32.02625276,118.85732015,67.64,-0.019,-0.016,0.024,0.025,20,19,41,1,2*46
$GPCHC,2122,378054.00,86.97,1.47,0.65,0.03,-0.14,-0.06,-0.0114,0.0256,0.9991,32.02625278,118.85732017,67.64,0.028,-0.000,-0.041,0.028,20,18,41,1,2*43
$GPCHC,2122,378055.00,86.76,1.47,0.65,0.03,-0.15,-0.06,-0.0113,0.0256,0.9992,32.02625276,118.85732015,67.64,0.005,0.002,-0.058,0.005,20,19,41,1,2*62
$GPCHC,2122,378056.00,86.70,1.47,0.66,0.03,-0.16,-0.07,-0.0115,0.0256,0.9990,32.02625276,118.85732017,67.64,0.004,0.000,0.018,0.004,20,19,41,1,2*4B
$GPCHC,2122,378057.00,86.71,1.47,0.66,0.05,-0.14,-0.06,-0.0115,0.0257,0.9992,32.02625278,118.85732019,67.64,-0.002,0.009,-0.015,0.009,20,18,41,1,2*43
$GPCHC,2122,378058.00,86.66,1.46,0.65,0.04,-0.15,-0.06,-0.0113,0.0255,0.9985,32.02625278,118.85732022,67.63,0.002,-0.004,-0.021,0.005,20,18,41,1,2*43
$GPCHC,2122,378059.00,87.07,1.47,0.66,0.03,-0.14,-0.08,-0.0115,0.0257,0.9990,32.02625275,118.85732022,67.63,0.004,0.009,0.013,0.010,20,17,41,1,2*42
$GPCHC,2122,378060.00,86.40,1.47,0.66,0.05,-0.16,-0.07,-0.0115,0.0256,0.9992,32.02625277,118.85732021,67.63,-0.004,-0.012,0.008,0.013,20,18,41,1,2*4F
$GPCHC,2122,378061.00,86.75,1.47,0.67,0.07,-0.14,-0.05,-0.0116,0.0257,0.9989,32.02625278,118.85732019,67.63,-0.004,-0.008,0.024,0.009,20,18,41,1,2*49
$GPCHC,2122,378062.00,86.65,1.47,0.66,0.07,-0.15,-0.08,-0.0116,0.0257,0.9992,32.02625277,118.85732023,67.62,0.001,-0.001,-0.024,0.002,20,18,41,1,2*4C
$GPCHC,2122,378063.00,86.60,1.48,0.65,0.02,-0.12,-0.06,-0.0113,0.0258,0.9989,32.02625277,118.85732021,67.63,-0.008,-0.007,0.035,0.010,20,18,41,1,2*47
$GPCHC,2122,378064.00,86.46,1.47,0.64,0.05,-0.14,-0.09,-0.0112,0.0256,0.9992,32.02625275,118.85732021,67.63,0.017,0.016,-0.016,0.023,20,18,41,1,2*61
$GPCHC,2122,378065.00,86.58,1.47,0.65,0.07,-0.15,-0.09,-0.0114,0.0257,0.9992,32.02625279,118.85732024,67.63,0.001,0.009,0.011,0.009,20,18,41,1,2*48
$GPCHC,2122,378066.00,86.62,1.47,0.66,0.09,-0.14,-0.06,-0.0114,0.0257,0.9990,32.02625279,118.85732022,67.62,0.013,0.005,-0.019,0.014,20,18,41,1,2*62
$GPCHC,2122,378067.00,86.42,1.46,0.67,0.05,-0.16,-0.10,-0.0116,0.0255,0.9995,32.02625278,118.85732020,67.62,-0.017,0.002,-0.010,0.017,20,18,41,1,2*4A
$GPCHC,2122,378068.00,86.53,1.48,0.65,0.05,-0.14,-0.06,-0.0114,0.0257,0.9993,32.02625277,118.85732022,67.63,-0.009,0.003,-0.009,0.010,20,18,41,1,2*47
$GPCHC,2122,378069.00,86.46,1.48,0.66,0.05,-0.14,-0.05,-0.0115,0.0258,0.9988,32.02625278,118.85732019,67.62,0.014,0.008,-0.050,0.016,20,18,41,1,2*60
$GPCHC,2122,378070.00,86.52,1.47,0.66,0.03,-0.12,-0.09,-0.0115,0.0257,0.9992,32.02625279,118.85732020,67.63,0.020,0.004,-0.010,0.021,20,18,41,1,2*6B
$GPCHC,2122,378071.00,86.50,1.47,0.66,0.06,-0.15,-0.04,-0.0116,0.0257,0.9990,32.02625279,118.85732020,67.63,0.020,0.008,-0.014,0.021,20,18,41,1,2*6E
$GPCHC,2122,378072.00,86.39,1.48,0.64,0.03,-0.13,-0.05,-0.0112,0.0258,0.9994,32.02625276,118.85732016,67.63,0.005,0.001,0.023,0.005,20,18,41,1,2*49
$GPCHC,2122,378073.00,86.48,1.46,0.66,0.02,-0.16,-0.07,-0.0116,0.0255,0.9989,32.02625280,118.85732016,67.63,-0.005,0.012,0.020,0.013,20,18,41,1,2*63
$GPCHC,2122,378074.00,86.47,1.47,0.66,0.03,-0.13,-0.04,-0.0115,0.0257,0.9990,32.02625278,118.85732014,67.63,-0.013,-0.006,0.001,0.014,20,18,41,1,2*4A
$GPCHC,2122,378075.00,86.45,1.46,0.67,0.04,-0.14,-0.04,-0.0116,0.0255,0.9992,32.02625280,118.85732018,67.63,-0.006,-0.002,0.008,0.007,20,18,41,1,2*4A
$GPCHC,2122,378076.00,86.45,1.47,0.65,0.04,-0.16,-0.05,-0.0113,0.0256,0.9993,32.02625279,118.85732021,67.62,0.003,-0.003,0.009,0.004,20,18,41,1,2*68
$GPCHC,2122,378077.00,86.35,1.47,0.67,0.04,-0.14,-0.06,-0.0116,0.0256,0.9990,32.02625281,118.85732019,67.62,0.026,0.013,-0.013,0.029,20,18,41,1,2*65
$GPCHC,2122,378078.00,86.36,1.47,0.66,0.05,-0.12,-0.09,-0.0114,0.0257,0.9991,32.02625280,118.85732016,67.63,-0.011,0.005,0.040,0.012,20,18,41,1,2*60
$GPCHC,2122,378079.00,86.28,1.48,0.66,0.06,-0.16,-0.08,-0.0115,0.0258,0.9992,32.02625277,118.85732017,67.63,-0.001,-0.001,0.002,0.001,20,18,41,1,2*4F
$GPCHC,2122,378080.00,86.37,1.47,0.66,0.05,-0.11,-0.06,-0.0115,0.0257,0.9989,32.02625277,118.85732019,67.63,-0.013,-0.001,0.071,0.013,20,18,41,1,2*4D
$GPCHC,2122,378081.00,86.32,1.46,0.66,0.02,-0.14,-0.08,-0.0115,0.0256,0.9992,32.02625276,118.85732020,67.62,0.006,-0.007,-0.051,0.009,20,18,41,1,2*4E
$GPCHC,2122,378082.00,86.32,1.47,0.65,0.02,-0.14,-0.07,-0.0113,0.0256,0.9992,32.02625278,118.85732018,67.63,-0.001,0.003,-0.025,0.003,20,18,41,1,2*48
$GPCHC,2122,378083.00,86.40,1.47,0.67,0.06,-0.14,-0.06,-0.0117,0.0256,0.9989,32.02625279,118.85732017,67.62,0.006,0.007,-0.012,0.009,20,18,41,1,2*6A
$GPCHC,2122,378084.00,86.34,1.47,0.65,0.02,-0.13,-0.05,-0.0113,0.0257,0.9994,32.02625278,118.85732018,67.63,-0.012,0.006,0.009,0.014,20,18,41,1,2*68
$GPCHC,2122,378085.00,86.30,1.46,0.65,0.03,-0.16,-0.05,-0.0113,0.0255,0.9991,32.02625280,118.85732021,67.62,-0.011,-0.006,0.004,0.013,20,18,41,1,2*47
$GPCHC,2122,378086.00,86.98,1.46,0.65,0.03,-0.16,-0.04,-0.0114,0.0254,0.9991,32.02625280,118.85732022,67.62,0.006,0.006,-0.016,0.009,20,17,41,1,2*6E
$GPCHC,2122,378087.00,86.37,1.46,0.65,0.07,-0.13,-0.06,-0.0113,0.0255,0.9992,32.02625280,118.85732020,67.62,0.011,0.004,-0.023,0.012,20,18,41,1,2*69
$GPCHC,2122,378088.00,86.66,1.47,0.67,0.06,-0.15,-0.06,-0.0116,0.0257,0.9990,32.02625279,118.85732013,67.63,-0.024,0.001,0.035,0.024,20,18,41,1,2*65
$GPCHC,2122,378089.00,86.50,1.47,0.67,0.03,-0.17,-0.10,-0.0116,0.0256,0.9988,32.02625280,118.85732016,67.63,-0.013,0.008,0.030,0.015,20,18,41,1,2*60
$GPCHC,2122,378090.00,86.55,1.47,0.66,0.07,-0.14,-0.06,-0.0114,0.0256,0.9990,32.02625280,118.85732014,67.63,0.008,0.001,0.008,0.009,20,18,41,1,2*4D
$GPCHC,2122,378091.00,86.93,1.48,0.65,0.04,-0.13,-0.01,-0.0113,0.0259,0.9993,32.02625279,118.85732016,67.63,-0.000,0.001,-0.002,0.001,20,17,41,1,2*43
$GPCHC,2122,378092.00,86.64,1.46,0.65,0.02,-0.13,-0.09,-0.0114,0.0255,0.9988,32.02625276,118.85732012,67.63,0.001,0.007,-0.010,0.007,20,18,41,1,2*62
$GPCHC,2122,378093.00,86.54,1.49,0.66,0.03,-0.14,-0.07,-0.0115,0.0259,0.9990,32.02625280,118.85732017,67.62,0.019,0.004,-0.022,0.019,20,18,41,1,2*69
$GPCHC,2122,378094.00,86.93,1.47,0.66,0.04,-0.14,-0.03,-0.0115,0.0256,0.9993,32.02625279,118.85732016,67.62,0.018,0.001,-0.019,0.018,20,17,41,1,2*61
$GPCHC,2122,378095.00,86.44,1.46,0.64,0.04,-0.14,-0.10,-0.0112,0.0254,0.9991,32.02625281,118.85732017,67.62,0.010,0.008,-0.010,0.013,20,18,41,1,2*66
$GPCHC,2122,378096.00,86.64,1.46,0.64,0.05,-0.14,-0.05,-0.0112,0.0255,0.9989,32.02625279,118.85732012,67.63,-0.014,-0.006,0.031,0.015,20,18,41,1,2*4B
$GPCHC,2122,378097.00,87.00,1.46,0.66,0.00,-0.14,-0.06,-0.0114,0.0255,0.9989,32.02625281,118.85732014,67.63,0.002,-0.004,-0.017,0.005,20,17,41,1,2*45
$GPCHC,2122,378098.00,86.89,1.47,0.65,0.03,-0.14,-0.06,-0.0113,0.0257,0.9988,32.02625280,118.85732015,67.62,-0.004,0.002,-0.000,0.005,20,17,41,1,2*48
$GPCHC,2122,378099.00,86.63,1.46,0.65,0.04,-0.13,-0.10,-0.0114,0.0255,0.9992,32.02625281,118.85732014,67.63,0.008,0.002,-0.010,0.008,20,18,41,1,2*66
$GPCHC,2122,378100.00,86.61,1.46,0.65,0.06,-0.15,-0.07,-0.0113,0.0255,0.9988,32.02625280,118.85732018,67.62,-0.001,-0.009,-0.007,0.009,20,18,41,1,2*62
$GPCHC,2122,378101.00,87.05,1.48,0.66,0.02,-0.15,-0.04,-0.0115,0.0257,0.9990,32.02625284,118.85732017,67.62,-0.001,0.011,0.036,0.011,20,17,41,1,2*61
$GPCHC,2122,378102.00,86.39,1.47,0.65,0.05,-0.15,-0.02,-0.0114,0.0257,0.9993,32.02625282,118.85732013,67.63,0.006,-0.003,0.002,0.007,20,18,41,1,2*6B
$GPCHC,2122,378103.00,86.68,1.46,0.66,0.05,-0.14,-0.07,-0.0115,0.0255,0.9989,32.02625280,118.85732016,67.62,0.012,-0.006,-0.022,0.013,20,18,41,1,2*4C
$GPCHC,2122,378104.00,86.59,1.46,0.66,0.05,-0.13,-0.06,-0.0114,0.0254,0.9992,32.02625281,118.85732011,67.64,-0.019,-0.006,0.007,0.020,20,18,41,1,2*49
$GPCHC,2122,378105.00,86.98,1.45,0.65,0.06,-0.12,-0.05,-0.0114,0.0254,0.9990,32.02625280,118.85732012,67.63,-0.013,-0.012,0.018,0.017,20,17,41,1,2*49
$GPCHC,2122,378106.00,86.36,1.49,0.67,0.02,-0.14,-0.09,-0.0117,0.0260,0.9992,32.02625281,118.85732010,67.63,-0.002,0.001,-0.031,0.003,20,18,41,1,2*48
$GPCHC,2122,378107.00,86.65,1.47,0.65,0.03,-0.14,-0.08,-0.0114,0.0256,0.9994,32.02625283,118.85732016,67.62,0.011,0.005,-0.033,0.012,20,18,41,1,2*6F
$GPCHC,2122,378108.00,86.92,1.48,0.66,0.02,-0.14,-0.07,-0.0116,0.0258,0.9991,32.02625282,118.85732015,67.62,-0.011,-0.003,-0.015,0.012,20,17,41,1,2*6C
$GPCHC,2122,378109.00,86.44,1.46,0.65,0.06,-0.12,-0.05,-0.0114,0.0255,0.9992,32.02625283,118.85732009,67.63,-0.002,0.005,-0.036,0.005,20,18,41,1,2*4B
$GPCHC,2122,378110.00,86.66,1.48,0.65,0.04,-0.15,-0.07,-0.0114,0.0258,0.9992,32.02625282,118.85732009,67.63,0.003,0.001,-0.012,0.003,20,18,41,1,2*6E
$GPCHC,2122,378111.00,86.70,1.47,0.66,0.02,-0.11,-0.04,-0.0116,0.0256,0.9992,32.02625280,118.85732010,67.63,-0.011,0.003,0.015,0.011,20,18,41,1,2*66
$GPCHC,2122,378112.00,86.50,1.46,0.65,0.03,-0.16,-0.05,-0.0114,0.0254,0.9990,32.02625281,118.85732011,67.63,-0.002,-0.002,0.032,0.003,20,18,41,1,2*48
$GPCHC,2122,378113.00,86.48,1.48,0.66,0.05,-0.15,-0.07,-0.0115,0.0258,0.9991,32.02625283,118.85732013,67.62,-0.004,-0.002,-0.018,0.004,20,18,41,1,2*63
$GPCHC,2122,378114.00,86.71,1.46,0.67,0.02,-0.16,-0.06,-0.0116,0.0255,0.9993,32.02625283,118.85732011,67.63,-0.002,-0.005,-0.012,0.005,20,18,41,1,2*61
$GPCHC,2122,378115.00,86.74,1.47,0.64,0.03,-0.13,-0.07,-0.0112,0.0256,0.9990,32.02625283,118.85732009,67.64,0.009,0.015,-0.013,0.017,20,18,41,1,2*60
$GPCHC,2122,378116.00,86.78,1.47,0.66,0.06,-0.13,-0.05,-0.0115,0.0257,0.9991,32.02625282,118.85732009,67.63,-0.010,-0.006,0.017,0.012,20,18,41,1,2*4D
$GPCHC,2122,378117.00,86.77,1.47,0.67,0.04,-0.13,-0.07,-0.0117,0.0256,0.9990,32.02625283,118.85732012,67.63,0.004,0.009,-0.003,0.010,20,18,41,1,2*6B
$GPCHC,2122,378118.00,86.64,1.46,0.65,0.04,-0.14,-0.06,-0.0114,0.0255,0.9990,32.02625283,118.85732011,67.63,-0.012,0.001,0.030,0.012,20,18,41,1,2*6D
$GPCHC,2122,378119.00,86.62,1.47,0.65,0.02,-0.16,-0.07,-0.0113,0.0256,0.9991,32.02625282,118.85732012,67.64,-0.020,0.022,0.076,0.030,20,18,41,1,2*6C
$GPCHC,2122,378120.00,86.56,1.47,0.66,0.07,-0.16,-0.07,-0.0115,0.0256,0.9991,32.02625283,118.85732014,67.63,0.030,0.007,-0.021,0.031,19,18,41,1,2*6E
$GPCHC,2122,378121.00,86.55,1.48,0.65,0.05,-0.13,-0.06,-0.0113,0.0258,0.9995,32.02625282,118.85732010,67.63,0.014,-0.003,-0.031,0.014,19,18,41,1,2*46
$GPCHC,2122,378122.00,86.58,1.47,0.66,0.04,-0.15,-0.06,-0.0115,0.0257,0.9991,32.02625282,118.85732008,67.63,-0.008,-0.008,-0.004,0.011,19,18,41,1,2*6F
$GPCHC,2122,378123.00,86.57,1.48,0.66,0.06,-0.14,-0.06,-0.0116,0.0259,0.9989,32.02625281,118.85732011,67.63,0.020,0.000,-0.020,0.020,19,18,41,1,2*64
$GPCHC,2122,378124.00,86.57,1.48,0.64,0.04,-0.16,-0.08,-0.0112,0.0258,0.9994,32.02625283,118.85732011,67.63,0.002,-0.007,0.005,0.007,19,18,41,1,2*61
$GPCHC,2122,378125.00,86.61,1.47,0.66,0.02,-0.14,-0.08,-0.0116,0.0257,0.9988,32.02625282,118.85732007,67.63,-0.005,-0.000,0.001,0.005,19,18,41,1,2*47
$GPCHC,2122,378126.00,86.61,1.47,0.66,0.04,-0.13,-0.06,-0.0115,0.0256,0.9990,32.02625285,118.85732013,67.63,0.002,0.011,-0.009,0.011,19,18,41,1,2*65
$GPCHC,2122,378127.00,86.55,1.46,0.65,0.02,-0.14,-0.07,-0.0113,0.0256,0.9993,32.02625281,118.85732011,67.63,0.008,0.004,-0.029,0.009,19,18,41,1,2*67
$GPCHC,2122,378128.00,86.59,1.46,0.65,0.01,-0.14,-0.06,-0.0114,0.0256,0.9991,32.02625284,118.85732009,67.63,-0.012,-0.003,-0.011,0.013,19,18,41,1,2*63
$GPCHC,2122,378129.00,86.58,1.47,0.65,0.05,-0.17,-0.02,-0.0114,0.0256,0.9989,32.02625283,118.85732006,67.63,-0.018,0.008,0.026,0.020,19,18,41,1,2*65
$GPCHC,2122,378130.00,86.49,1.47,0.67,0.02,-0.15,-0.08,-0.0116,0.0256,0.9991,32.02625284,118.85732010,67.63,0.004,-0.014,-0.013,0.014,19,18,41,1,2*47
$GPCHC,2122,378131.00,86.62,1.47,0.66,0.01,-0.16,-0.07,-0.0115,0.0256,0.9991,32.02625284,118.85732012,67.62,-0.006,0.002,0.052,0.007,19,18,41,1,2*6E
$GPCHC,2122,378132.00,86.53,1.47,0.65,-0.03,-0.16,-0.07,-0.0113,0.0257,0.9993,32.02625284,118.85732013,67.62,0.025,0.008,-0.057,0.026,19,18,41,1,2*4A
$GPCHC,2122,378133.00,87.14,1.47,0.65,0.03,-0.15,-0.04,-0.0114,0.0256,0.9992,32.02625284,118.85732009,67.63,0.005,0.004,0.047,0.006,20,17,41,1,2*4C
$GPCHC,2122,378134.00,87.20,1.47,0.68,0.03,-0.17,-0.08,-0.0118,0.0256,0.9988,32.02625284,118.85732007,67.63,0.001,0.003,0.009,0.003,20,17,41,1,2*4A
$GPCHC,2122,378135.00,86.58,1.47,0.66,0.03,-0.15,-0.05,-0.0115,0.0257,0.9994,32.02625287,118.85732007,67.63,-0.014,0.007,0.016,0.016,20,18,41,1,2*6E
$GPCHC,2122,378136.00,86.74,1.47,0.66,0.05,-0.15,-0.07,-0.0115,0.0256,0.9990,32.02625284,118.85732007,67.63,-0.005,0.009,0.017,0.010,19,18,41,1,2*62
$GPCHC,2122,378137.00,86.78,1.46,0.67,0.04,-0.13,-0.04,-0.0116,0.0255,0.9988,32.02625285,118.85732008,67.62,-0.012,0.007,0.013,0.014,19,18,41,1,2*65
$GPCHC,2122,378138.00,86.70,1.47,0.65,0.04,-0.15,-0.08,-0.0113,0.0256,0.9990,32.02625283,118.85732008,67.63,0.011,-0.006,0.026,0.012,20,19,41,1,2*6A
$GPCHC,2122,378139.00,86.71,1.47,0.65,0.04,-0.16,-0.09,-0.0113,0.0256,0.9993,32.02625284,118.85732006,67.63,0.010,-0.003,0.011,0.010,19,19,41,1,2*6A
$GPCHC,2122,378140.00,86.68,1.46,0.65,0.05,-0.14,-0.05,-0.0113,0.0255,0.9993,32.02625286,118.85732010,67.62,0.010,-0.000,0.007,0.010,19,19,41,1,2*61
$GPCHC,2122,378141.00,86.73,1.47,0.64,0.05,-0.14,-0.09,-0.0112,0.0257,0.9992,32.02625284,118.85732005,67.63,0.010,0.004,-0.002,0.011,20,19,41,1,2*69
$GPCHC,2122,378142.00,86.73,1.46,0.65,0.05,-0.14,-0.04,-0.0113,0.0255,0.9994,32.02625283,118.85732006,67.63,0.004,0.004,0.008,0.006,20,19,41,1,2*42
$GPCHC,2122,378143.00,86.69,1.48,0.65,0.05,-0.13,-0.05,-0.0113,0.0258,0.9989,32.02625283,118.85732003,67.63,-0.002,-0.004,0.003,0.005,20,19,41,1,2*4A
$GPCHC,2122,378144.00,86.71,1.45,0.66,0.04,-0.17,-0.07,-0.0114,0.0253,0.9990,32.02625287,118.85732011,67.62,0.024,0.011,-0.036,0.026,20,19,41,1,2*65
$GPCHC,2122,378145.00,86.69,1.48,0.67,0.03,-0.17,-0.05,-0.0116,0.0258,0.9991,32.02625284,118.85732008,67.62,0.011,0.001,-0.006,0.011,19,19,41,1,2*6D
